open,high,low,close,entry,sl,tp,DEMA_20,DEMA_50,DEMA_100,fractal
84777.2,84829.9,84734.5,84780.4,0,0,0,84729.11290824912,84684.40576712383,84572.72929990494,0.0
84780.4,84787.4,84704.4,84720.4,0,0,0,84735.73685759454,84693.76898607268,84582.44099587946,0.0
84720.4,84731.1,84672.0,84677.0,0,0,0,84733.14705778346,84699.11601135218,84590.12418069095,0.0
84677.0,84692.6,84659.8,84672.5,0,0,0,84729.70146603078,84703.67185281725,84597.36370599383,0.0
84672.5,84705.5,84672.5,84698.8,0,0,0,84731.13306583387,84709.8517405321,84605.38008994344,0.0
84698.8,84698.8,84655.8,84663.9,0,0,0,84725.68062879435,84712.85585565752,84611.75027509494,0.0
84663.9,84671.3,84644.0,84644.1,0,0,0,84717.06509072984,84714.03119475537,84617.11472794949,0.0
84644.1,84650.0,84636.1,84636.1,0,0,0,84707.8994000174,84714.3934648034,84621.96571741285,0.0
84636.1,84656.7,84636.1,84656.7,0,0,0,84703.48213936602,84716.19147961545,84627.4397969012,0.0
84656.7,84681.8,84649.0,84669.9,0,0,0,84701.83642586804,84718.77474283929,84633.22829742839,-1.0
84669.9,84670.0,84622.8,84622.9,0,0,0,84691.67350460669,84717.47021228532,84636.96124326478,0.0
84622.9,84622.9,84554.0,84567.7,0,0,0,84672.71679577726,84711.8760336197,84638.37780606937,1.0
84567.7,84582.4,84558.8,84581.0,0,0,0,84658.65911081007,84707.51297052448,84640.23262626577,0.0
84581.0,84595.0,84581.0,84594.5,0,0,0,84648.8961613398,84704.32890040775,84642.52084920861,0.0
84594.5,84599.9,84583.5,84598.5,0,0,0,84641.13650282704,84701.5283360279,84644.85736422338,0.0
84598.5,84607.5,84567.1,84572.5,0,0,0,84629.6812131798,84696.78544159496,84646.06457471286,0.0
84572.5,84601.5,84548.6,84593.1,0,0,0,84623.52229160303,84693.80011622015,84648.0033661753,1.0
84593.1,84619.8,84581.1,84607.9,0,0,0,84620.88950281477,84692.02750311373,84650.42494069337,-1.0
84607.9,84607.9,84568.4,84578.0,0,0,0,84613.19246253397,84687.96269954552,84651.56245192645,0.0
84578.0,84585.4,84570.8,84577.7,0,0,0,84606.5180829614,84684.01827656763,84652.61475050382,0.0
84577.7,84581.9,84562.5,84564.5,0,0,0,84598.39852886266,84679.19865616155,84653.07881474798,0.0
84564.5,84564.6,84554.2,84554.2,0,0,0,84589.57595937267,84673.78123854542,84653.08606682112,0.0
84554.2,84558.7,84539.8,84539.8,0,0,0,84579.42074072553,84667.48921830299,84652.48960895439,0.0
84539.8,84583.9,84539.8,84583.8,0,0,0,84578.73022622551,84664.8679582202,84653.59767267486,0.0
84583.8,84583.9,84544.8,84546.8,0,0,0,84571.49894132887,84659.47852442873,84653.1840800696,0.0
84546.8,84601.8,84546.7,84589.2,0,0,0,84573.04703744451,84657.59050265595,84654.40757213465,-1.0
84589.2,84599.0,84583.7,84593.9,0,0,0,84575.31341963945,84656.10388124603,84655.74181538932,0.0
84593.9,84593.9,84566.0,84569.7,0,0,0,84572.94722982951,84652.77508711678,84656.05056461759,0.0
84569.7,84571.2,84557.9,84561.2,0,0,0,84569.43887735627,84648.92090216765,84655.98004691617,0.0
84561.2,84561.3,84527.1,84534.4,0,0,0,84561.63055365499,84643.16742978335,84654.82425197652,0.0
84534.4,84536.8,84527.2,84529.2,0,0,0,84554.04840610217,84637.28924565653,84653.46265573973,0.0
84529.2,84529.2,84460.0,84469.6,0,0,0,84536.80453106595,84627.11397573302,84649.7686987414,0.0
84469.6,84477.0,84400.2,84414.4,0,0,0,84512.06562627606,84613.23436058911,84643.98444745864,0.0
84414.4,84423.5,84350.0,84367.8,0,0,0,84482.47513390814,84596.53297904244,84636.50971119628,1.0
84367.8,84380.0,84353.4,84379.9,0,0,0,84459.40740538105,84581.69447500177,84629.69717037167,0.0
84379.9,84380.0,84357.5,84374.4,0,0,0,84438.80541077832,84567.26370756555,84622.83814661874,0.0
84374.9,84383.8,84365.0,84370.5,0,0,0,84420.64908040484,84553.3460884019,84615.99773446418,0.0
84370.3,84392.8,84361.0,84374.2,0,0,0,84406.00275027688,84540.50195615832,84609.47436710169,0.0
84374.2,84397.4,84374.2,84395.0,0,0,0,84397.49813309479,84529.98908828388,84603.93014388945,0.0
84395.0,84447.1,84394.9,84447.1,0,0,0,84399.96489197208,84524.08314744587,84600.56433149078,0.0
84447.1,84447.5,84443.0,84445.1,0,0,0,84402.0488837789,84518.35915800263,84597.19189892091,0.0
84445.1,84450.0,84439.9,84449.4,0,0,0,84404.92535885182,84513.29328515171,84594.06067852945,0.0
84449.4,84450.0,84432.5,84450.0,0,0,0,84407.79226603077,84508.56482153939,84591.01904204571,1.0
84450.0,84459.5,84449.9,84452.2,0,0,0,84410.92102890485,84504.27904667612,84588.12764361953,-1.0
84452.2,84452.2,84445.9,84446.9,0,0,0,84412.89517693639,84499.83519368364,84585.08849975621,0.0
84440.7,84450.0,84428.0,84437.7,0,0,0,84413.150702405,84494.94421644042,84581.75359111949,0.0
84437.7,84457.8,84413.1,84416.0,0,0,0,84409.64603547653,84488.67270039784,84577.64206735585,-1.0
84416.0,84451.3,84416.0,84416.0,0,0,0,84406.83476812259,84482.77166202037,84573.62838118027,0.0
84416.0,84450.0,84409.5,84449.9,0,0,0,84410.76627245986,84479.82837874762,84571.03955148403,0.0
84449.9,84450.0,84423.2,84433.8,0,0,0,84411.4188982556,84475.82740348701,84567.87342286341,0.0
