timestamp,open,high,low,close,entry,sl,tp,DEMA_20,DEMA_50,DEMA_100,fractal
2026-05-07 19:03:00+02:00,79822.1,79835.9,79793.7,79835.9,none,none,none,79792.25438488314,79787.61926476106,79726.73996643593,
2026-05-07 19:04:00+02:00,79835.9,79839.3,79791.0,79805.2,none,none,none,79793.1772402418,79787.31658227656,79726.44968591203,
2026-05-07 19:05:00+02:00,79805.2,79852.8,79779.0,79794.0,none,none,none,79792.00998814091,79786.20346925296,79725.76249464073,
2026-05-07 19:06:00+02:00,79794.0,79868.0,79794.0,79868.0,none,none,none,79804.49656872825,79790.87805662447,79728.03068289398,
2026-05-07 19:07:00+02:00,79868.0,79895.9,79855.1,79855.1,none,none,none,79812.95386876707,79794.31987594493,79729.75898309381,
2026-05-07 19:08:00+02:00,79855.1,79907.0,79855.1,79897.5,none,none,none,79827.95085252885,79800.85079816125,79733.1312440806,
2026-05-07 19:09:00+02:00,79897.5,79897.6,79808.9,79815.7,none,none,none,79826.01912402068,79800.73828030222,79733.22819584564,
2026-05-07 19:10:00+02:00,79815.7,79835.6,79797.6,79797.7,none,none,none,79821.07891883353,79799.27334047112,79732.64787151133,
2026-05-07 19:11:00+02:00,79797.7,79823.8,79776.5,79823.8,none,none,none,79821.55753618522,79799.92554581663,79733.13923997655,
2026-05-07 19:12:00+02:00,79823.8,79840.0,79808.0,79808.1,none,none,none,79819.12159677304,79799.35708862758,79733.03126481408,
2026-05-07 19:13:00+02:00,79808.1,79844.1,79808.0,79825.7,none,none,none,79820.22032576418,79800.19911320836,79733.6470878092,
2026-05-07 19:14:00+02:00,79825.7,79856.5,79825.7,79856.5,none,none,none,79826.75674268651,79803.38392849693,79735.4825836257,
2026-05-07 19:15:00+02:00,79856.5,79856.5,79796.1,79851.5,none,none,none,79831.4701656757,79806.0210702862,79737.09750021847,
2026-05-07 19:16:00+02:00,79851.5,79851.5,79794.4,79794.4,none,none,none,79825.15194580356,79804.13475469791,79736.45495610758,
2026-05-07 19:17:00+02:00,79794.4,79794.4,79744.0,79748.5,none,none,none,79811.37442844064,79798.84910196962,79734.06050510718,
2026-05-07 19:18:00+02:00,79748.5,79756.1,79685.6,79685.6,none,none,none,79788.11551351598,79789.05584990948,79729.2991820726,
2026-05-07 19:19:00+02:00,79685.6,79699.0,79666.0,79696.9,none,none,none,79770.19594357976,79780.72543022624,79725.1505178446,
2026-05-07 19:20:00+02:00,79696.9,79696.9,79677.4,79688.8,none,none,none,79753.39288570834,79772.28381570094,79720.83583691427,
2026-05-07 19:21:00+02:00,79688.8,79736.6,79688.8,79734.1,none,none,none,79747.2698121609,79767.84619488659,79718.45407717055,
2026-05-07 19:22:00+02:00,79734.1,79795.3,79734.1,79795.3,none,none,none,79753.24008699253,79768.40378336997,79718.571610397,
2026-05-07 19:23:00+02:00,79795.3,79839.8,79791.8,79801.0,none,none,none,79759.54282818582,79769.39815277216,79718.93812904332,
2026-05-07 19:24:00+02:00,79801.0,79839.1,79801.0,79826.5,none,none,none,79769.70409407707,79772.32544547634,79720.32235575994,
2026-05-07 19:25:00+02:00,79826.5,79912.8,79693.6,79720.1,none,none,none,79759.2356147356,79766.9294931506,79717.52179862112,
2026-05-07 19:26:00+02:00,79720.1,79720.1,79518.7,79550.1,none,none,none,79719.4722054358,79748.80454139873,79708.16605431055,
2026-05-07 19:27:00+02:00,79550.1,79614.4,79461.7,79599.0,none,none,none,79694.2566054835,79735.52779117884,79701.03264442866,
2026-05-07 19:28:00+02:00,79599.0,79732.2,79560.9,79704.6,none,none,none,79691.90772111907,79731.18192864807,79698.27971032119,
2026-05-07 19:29:00+02:00,79704.6,79749.7,79648.0,79656.0,none,none,none,79681.28373440696,79723.39233093525,79693.73150661288,
2026-05-07 19:30:00+02:00,79656.0,79700.0,79617.1,79699.9,none,none,none,79680.32138941671,79719.47368678602,79691.06825099366,
2026-05-07 19:31:00+02:00,79699.9,79729.6,79682.8,79729.6,none,none,none,79685.09895835289,79718.10999614799,79689.67748133108,
2026-05-07 19:32:00+02:00,79729.6,79784.3,79707.2,79756.6,none,none,none,79694.31144486662,79718.94495915972,79689.41562039703,
2026-05-07 19:33:00+02:00,79756.6,79756.6,79650.0,79657.9,none,none,none,79684.51294566477,79712.1842388039,79685.32016294225,
2026-05-07 19:34:00+02:00,79657.9,79746.7,79640.0,79735.2,none,none,none,79690.27324046177,79711.80375955379,79684.40561935183,
2026-05-07 19:35:00+02:00,79735.2,79759.4,79688.0,79759.4,none,none,none,79699.78610545014,79713.3493398238,79684.49578068824,
2026-05-07 19:36:00+02:00,79759.4,79792.4,79745.1,79783.1,none,none,none,79712.41331596939,79716.66927095375,79685.54109861153,
2026-05-07 19:37:00+02:00,79783.1,79840.0,79774.4,79807.8,none,none,none,79727.8717507394,79721.73535229139,79687.55221483264,
2026-05-07 19:38:00+02:00,79807.8,79820.6,79775.0,79806.0,none,none,none,79740.92437647415,79726.40583283058,79689.46104153823,
2026-05-07 19:39:00+02:00,79806.0,79831.0,79805.9,79830.5,none,none,none,79756.64387847949,79732.72348005987,79692.30140683334,
2026-05-07 19:40:00+02:00,79830.5,79866.7,79822.2,79826.9,none,none,none,79769.52860571307,79738.42889223872,79694.9434237562,
2026-05-07 19:41:00+02:00,79826.9,79895.5,79826.9,79875.1,none,none,none,79789.34010709281,79747.53791917933,79699.42359571636,
2026-05-07 19:42:00+02:00,79875.1,79882.6,79856.6,79868.8,none,none,none,79805.19269568626,79755.65826597199,79703.5499432312,
2026-05-07 19:43:00+02:00,79868.8,79872.1,79835.8,79869.0,none,none,none,79818.78274942661,79763.34358684291,79707.58712901888,
2026-05-07 19:44:00+02:00,79869.0,79870.9,79834.9,79840.5,none,none,none,79825.19290453446,79768.40897748638,79710.411764779,
2026-05-07 19:45:00+02:00,79840.5,79888.0,79840.5,79878.5,none,none,none,79837.47248361786,79776.11769222113,79714.66670135636,
2026-05-07 19:46:00+02:00,79878.5,79899.8,79864.6,79864.6,none,none,none,79845.3750643767,79782.3222878802,79718.27399148373,
2026-05-07 19:47:00+02:00,79864.6,79897.0,79864.2,79897.0,none,none,none,79857.89599724842,79790.66767235765,79723.06767392391,
2026-05-07 19:48:00+02:00,79897.0,79900.0,79837.7,79837.8,none,none,none,79857.76101488493,79793.98278094702,79725.42024826964,
2026-05-07 19:49:00+02:00,79837.8,79838.2,79800.0,79838.2,none,none,none,79857.54202918707,79797.14112181566,79727.74032474933,
2026-05-07 19:50:00+02:00,79838.2,79869.6,79817.0,79869.6,none,none,none,79862.88347600412,79802.5342059903,79731.24399186812,
2026-05-07 19:51:00+02:00,79869.6,79907.4,79852.6,79865.1,none,none,none,79866.50054719897,79807.26971474824,79734.48807239588,
2026-05-07 19:52:00+02:00,79865.1,79869.6,79841.0,79850.1,79856.9,79733.0,80038.7,79866.72766854265,79810.57662657788,79737.0679842636,
