timestamp,open,high,low,close,side,entry,sl,tp,symbol,DEMA_20,DEMA_50,DEMA_100,fractal
2026-06-23 14:33:00+00:00,62590.7,62595.8,62471.2,62473.3,none,none,none,none,none,62558.46667194347,62595.72907803274,62494.402920631226,none
2026-06-23 14:34:00+00:00,62473.3,62474.6,62423.9,62443.2,none,none,none,none,none,62538.37433816996,62588.08770578675,62493.91780362311,up
2026-06-23 14:35:00+00:00,62443.2,62561.9,62440.1,62545.7,none,none,none,none,none,62539.65771720643,62588.69267095947,62497.451035364014,none
2026-06-23 14:36:00+00:00,62545.7,62560.3,62512.0,62560.3,none,none,none,none,none,62543.41161508248,62590.30764623662,62501.437134780856,none
2026-06-23 14:37:00+00:00,62560.3,62564.1,62500.0,62564.1,none,none,none,none,none,62547.327058785246,62592.04448785734,62505.43901811047,none
2026-06-23 14:38:00+00:00,62719.6,62719.6,62619.2,62630.0,none,none,none,none,none,62562.639001963405,62598.67208446631,62511.89104266111,down
2026-06-23 14:39:00+00:00,62630.0,62630.0,62533.4,62533.5,none,none,none,none,none,62558.27858354948,62597.41801723072,62514.352441391646,none
2026-06-23 14:40:00+00:00,62533.5,62571.2,62480.5,62487.0,none,none,none,none,none,62546.04904753672,62592.586534146685,62514.90148160264,none
2026-06-23 14:41:00+00:00,62487.0,62519.7,62460.1,62500.0,none,none,none,none,none,62537.86070583433,62588.9637978832,62515.92780619646,up
2026-06-23 14:42:00+00:00,62500.0,62554.4,62478.5,62550.5,none,none,none,none,none,62539.97536756245,62589.36593361555,62518.88783914608,none
2026-06-23 14:43:00+00:00,62550.5,62560.9,62512.7,62547.5,none,none,none,none,none,62541.257661017335,62589.446696460174,62521.626563936086,none
2026-06-23 14:44:00+00:00,62547.5,62590.5,62470.1,62489.4,none,none,none,none,none,62531.82427619452,62584.98922810343,62521.98983571445,up
2026-06-23 14:45:00+00:00,62489.4,62527.5,62471.4,62493.5,none,none,none,none,none,62524.461126476126,62581.04276965017,62522.48685241446,none
2026-06-23 14:46:00+00:00,62493.5,62526.8,62470.8,62475.0,none,none,none,none,none,62514.796859913215,62575.84260901008,62522.22759481885,none
2026-06-23 14:47:00+00:00,62475.0,62475.0,62420.7,62424.2,none,none,none,none,none,62497.30935953029,62566.98103418004,62519.96802280888,up
2026-06-23 14:48:00+00:00,62424.2,62548.0,62424.2,62539.5,none,none,none,none,none,62503.24717114853,62567.44709903832,62522.28062575359,none
2026-06-23 14:49:00+00:00,62539.5,62558.0,62499.0,62536.6,none,none,none,none,none,62507.910575478665,62567.61135637341,62524.39558496917,none
2026-06-23 14:50:00+00:00,62536.6,62550.3,62470.6,62544.4,none,none,none,none,none,62513.40319829333,62568.31506127001,62526.73825068154,none
2026-06-23 14:51:00+00:00,62544.4,62582.8,62508.2,62540.4,none,none,none,none,none,62517.45495349269,62568.62030356592,62528.83913428553,down
2026-06-23 14:52:00+00:00,62540.4,62556.8,62504.6,62514.0,none,none,none,none,none,62516.19069910039,62566.82868708695,62529.826978973855,none
2026-06-23 14:53:00+00:00,62514.0,62519.7,62486.8,62489.7,none,none,none,none,none,62510.727754356594,62563.22507850781,62529.81703464235,none
2026-06-23 14:54:00+00:00,62489.7,62499.6,62439.6,62499.3,none,none,none,none,none,62507.80658866513,62560.52366962178,62530.16818330114,none
2026-06-23 14:55:00+00:00,62499.5,62510.9,62450.0,62463.4,none,none,none,none,none,62498.82571073026,62555.1753507391,62529.085753664,none
2026-06-23 14:56:00+00:00,62463.4,62494.0,62410.9,62451.6,none,none,none,none,none,62489.01210579282,62549.18980093509,62527.5573117575,up
2026-06-23 14:57:00+00:00,62451.6,62522.2,62441.0,62520.9,none,none,none,none,none,62493.2108363924,62548.84314031103,62528.77639926141,none
2026-06-23 14:58:00+00:00,62520.9,62545.5,62481.6,62514.0,none,none,none,none,none,62495.647340702766,62547.94959755071,62529.67403390789,none
2026-06-23 14:59:00+00:00,62514.0,62563.8,62360.9,62461.2,none,none,none,none,none,62488.23008150375,62543.01257542163,62528.45993931271,up
2026-06-23 15:00:00+00:00,62461.2,62467.5,62377.7,62404.0,none,none,none,none,none,62471.53676881246,62533.93105276357,62525.02416038078,none
2026-06-23 15:01:00+00:00,62404.0,62480.0,62404.0,62434.5,none,none,none,none,none,62462.79202287865,62527.69327494232,62522.87161004714,none
2026-06-23 15:02:00+00:00,62434.3,62453.9,62411.6,62435.0,none,none,none,none,none,62455.46771137384,62521.83026931043,62520.78841896194,none
2026-06-23 15:03:00+00:00,62435.0,62454.5,62406.9,62427.8,none,none,none,none,none,62447.9803025332,62515.73092382814,62518.47094915487,none
2026-06-23 15:04:00+00:00,62427.8,62477.2,62427.8,62465.3,none,none,none,none,none,62448.47083359532,62512.84885839241,62517.67924193248,none
2026-06-23 15:05:00+00:00,62465.3,62478.5,62426.4,62426.4,none,none,none,none,none,62441.968335588615,62507.12412385005,62515.37269949012,down
2026-06-23 15:07:00+00:00,62360.6,62372.6,62311.1,62370.7,none,none,none,none,none,62426.399911273926,62497.43247289593,62510.93761339311,none
2026-06-23 15:08:00+00:00,62370.7,62370.8,62300.0,62335.3,none,none,none,none,none,62406.72870759433,62485.56911886579,62505.23334623398,none
2026-06-23 15:11:00+00:00,62529.3,62345.8,62284.1,62299.5,none,none,none,none,none,62383.48376573786,62471.63409791161,62498.28233595935,none
2026-06-23 15:12:00+00:00,62299.3,62350.0,62283.9,62346.8,none,none,none,none,none,62372.27433473301,62462.14293232043,62493.3806615112,up
2026-06-23 15:14:00+00:00,62320.2,62355.4,62300.1,62355.4,none,none,none,none,none,62364.42739157727,62453.86547737476,62488.95093561058,none
2026-06-23 15:15:00+00:00,62355.4,62355.4,62302.2,62311.7,none,none,none,none,none,62349.994611428665,62442.71283176381,62482.92898214577,none
2026-06-23 15:16:00+00:00,62311.7,62352.7,62273.7,62304.9,none,none,none,none,none,62336.59911918522,62431.693395608905,62476.80937800528,none
2026-06-23 15:17:00+00:00,62304.9,62316.8,62257.2,62274.5,none,none,none,none,none,62319.83138862598,62418.98872825389,62469.67028598559,none
2026-06-23 15:18:00+00:00,62274.3,62290.7,62216.9,62220.8,none,none,none,none,none,62295.95275759108,62402.90958129795,62460.62892513576,none
2026-06-23 15:19:00+00:00,62220.8,62258.3,62211.0,62225.0,none,none,none,none,none,62276.486098103625,62388.10970810825,62452.012741096,up
2026-06-23 15:20:00+00:00,62225.0,62291.5,62214.5,62253.5,none,none,none,none,none,62265.25387935673,62376.38847229092,62444.76293512225,down
2026-06-23 15:21:00+00:00,62253.5,62285.9,62239.3,62239.4,none,none,none,none,none,62253.39481703234,62364.29533846293,62437.16952270296,none
2026-06-23 15:22:00+00:00,62239.4,62256.6,62227.4,62231.8,none,none,none,none,none,62242.181436607774,62352.355624631775,62429.49830289977,none
2026-06-23 15:23:00+00:00,62231.8,62259.9,62215.5,62239.1,short,62237.7,62351.5,62071.2,BTCUSDT,62234.23232985108,62341.70992089969,62422.33661105559,none
2026-06-23 15:24:00+00:00,62228.6,62228.6,62228.6,62228.6,short,62237.7,62351.5,62071.2,BTCUSDT,62225.86462722394,62330.91762011371,62414.972167549146,none
2026-06-23 15:25:00+00:00,62231.8,62259.9,62215.5,62239.1,short,62237.7,62351.5,62071.2,BTCUSDT,62220.94444772894,62321.60520770787,62408.23514181866,none
2026-06-23 15:26:00+00:00,62267.6,62267.6,62267.6,62267.6,short,62237.7,62351.5,62071.2,BTCUSDT,62222.25156204049,62315.07344184196,62402.8135037683,none
2026-06-23 15:27:00+00:00,62267.6,62289.1,62244.2,62260.7,short,62237.7,62351.5,62071.2,BTCUSDT,62222.48118112961,62308.44035317935,62397.28087671735,down
2026-06-23 15:28:00+00:00,62260.7,62261.2,62217.0,62227.0,short,62237.7,62351.5,62071.2,BTCUSDT,62216.90242323088,62299.65257644285,62390.59019921188,up
2026-06-23 15:29:00+00:00,62227.0,62273.2,62227.0,62250.1,short,62237.7,62351.5,62071.2,BTCUSDT,62216.617749094,62293.205032325175,62385.00352231474,none
2026-06-23 15:30:00+00:00,62250.1,62376.1,62250.1,62363.4,none,none,none,none,none,62237.24169839153,62295.89900635214,62384.02571284917,none
